Store,Customers,Promo,Year,Month,Day,Week,DayOfWeek,IsWeekend,Sales_Lag1,Sales_Lag7,RollingMean_7,RollingStd_7,RollingMean_14,RollingStd_14,IsMonthStart,IsMonthEnd,CompetitionDistance,Pred_XGBoost,Pred_LSTM
1,151,0,2015,11,8,2,2,1,4632,3047,2368.209952651108,70.90268572399897,3896.896099223678,248.06862218282055,1,1,451.22346549850135,1655.459,4065.5566
2,192,0,2015,11,24,24,4,1,1474,4547,3355.527884179041,323.39518335564725,3425.192044349383,104.91720568015047,1,1,1942.2107927526613,1604.3214,6129.077
3,114,1,2015,8,3,44,5,0,2082,3747,1599.021346475079,126.7358556592812,1913.841307520112,272.8296095500716,1,1,1572.7523643861175,1749.289,4737.122
4,171,0,2015,5,22,30,1,1,3558,1975,2542.703315240835,79.27321684337578,1293.0163420191516,65.47483450184828,1,1,1885.0479889719595,1633.0088,4478.666
5,160,0,2015,4,21,38,4,0,4753,2806,2777.243706586128,476.998491764,3052.699079536471,459.1941809354519,1,1,1800.1719658125328,1532.2122,4520.0913
